,city name,country,date,latitude,longitude,max temperature,humidity,cloudiness,wind speed
0,Takoradi,GH,1578261797,4.89,-1.75,79.75,58,5,6.42
1,New Norfolk,AU,1578261797,-42.78,147.06,62.01,58,20,3.36
2,Monte Alegre,BR,1578261797,-2.0,-54.07,85.89,62,80,2.55
3,Airai,TL,1578261797,-8.93,125.41,69.42,84,100,5.26
4,Seguin,US,1578261797,29.57,-97.96,75.99,22,1,11.41
5,Castro,CL,1578261797,-42.48,-73.76,57.2,62,75,14.99
6,Te Anau,NZ,1578261798,-45.41,167.72,43.75,83,52,16.42
7,Cape Town,ZA,1578261580,-33.93,18.42,66.99,82,75,3.36
8,Carauari,BR,1578261798,-4.88,-66.9,84.78,77,100,2.51
9,Kurlovo,RU,1578261798,55.45,40.61,23.25,93,0,4.25
10,Saskylakh,RU,1578261798,71.97,114.09,-19.21,94,0,13.09
11,Carnarvon,ZA,1578261798,-30.97,22.13,66.76,29,24,10.56
12,Port Alfred,ZA,1578261798,-33.59,26.89,69.01,90,50,1.01
13,Ushuaia,AR,1578261798,-54.81,-68.31,50.0,66,75,25.28
14,Busselton,AU,1578261799,-33.64,115.35,60.01,44,0,9.35
15,Revelstoke,CA,1578261799,50.99,-118.19,35.6,80,90,23.04
16,Vardo,US,1578261799,39.62,-77.74,37.99,59,90,10.29
17,Vaini,IN,1578261575,15.34,74.49,66.11,79,0,6.89
18,Rikitea,PF,1578261799,-23.12,-134.97,76.03,78,67,15.41
19,Bekhtery,UA,1578261799,46.25,32.3,35.01,99,100,17.05
20,Manoel Urbano,BR,1578261799,-8.84,-69.26,89.4,53,98,3.4
21,Mataura,NZ,1578261799,-46.19,168.86,53.01,71,87,25.99
22,Capelinha,BR,1578261800,-17.69,-42.52,69.19,97,93,5.14
23,Yellowknife,CA,1578261800,62.45,-114.38,-13.0,75,20,6.93
24,Barrow,AR,1578261774,-38.31,-60.23,73.53,76,100,3.74
25,Urdoma,RU,1578261800,61.74,48.55,21.33,94,100,6.46
26,Kapaa,US,1578261639,22.08,-159.32,80.6,74,40,16.11
27,Florianopolis,BR,1578261800,-27.6,-48.55,78.8,78,20,11.41
28,Punta Arenas,CL,1578261800,-53.16,-70.91,55.4,54,75,27.51
29,Katsuura,JP,1578261800,33.93,134.5,35.6,80,40,8.05
30,Arraial do Cabo,BR,1578261800,-22.97,-42.02,78.8,83,75,5.82
31,Georgetown,GY,1578261531,6.8,-58.16,84.2,61,0,6.93
32,Avarua,CK,1578261800,-21.21,-159.78,82.4,88,100,8.05
33,Nanortalik,GL,1578261800,60.14,-45.24,26.4,70,0,11.77
34,Albany,US,1578261800,42.65,-73.75,33.01,68,90,11.41
35,Tiksi,RU,1578261506,71.64,128.87,-14.8,86,0,11.92
36,Pevek,RU,1578261511,69.7,170.27,-6.29,82,0,5.59
37,Sao Filipe,CV,1578261801,14.9,-24.5,70.7,67,32,16.08
38,Junqueiro,BR,1578261801,-9.92,-36.47,78.48,72,100,10.4
39,Salym,RU,1578261534,60.06,71.48,23.07,93,99,8.63
40,Virginia Beach,US,1578261551,36.85,-75.98,50.0,39,1,9.17
41,Bambous Virieux,MU,1578261629,-20.34,57.76,73.4,100,75,9.17
42,Vilhena,BR,1578261789,-12.74,-60.15,73.4,94,40,9.17
43,Mudanjiang,CN,1578261728,44.58,129.6,2.17,96,43,1.07
44,Dire,ET,1578261801,9.18,38.92,57.2,71,75,6.93
45,Saldanha,PT,1578261802,41.42,-6.55,38.03,75,7,0.6
46,Bredasdorp,ZA,1578261802,-34.53,20.04,66.2,68,100,8.05
47,Santa Ines,EC,1578261802,-0.82,-78.63,64.4,45,75,10.29
48,Torbay,CA,1578261802,47.66,-52.73,30.99,100,90,26.4
49,Labuhan,ID,1578261802,-2.54,115.51,72.39,95,100,2.39
50,San Quintin,PH,1578261802,17.54,120.52,67.23,81,39,6.53
51,Marystown,CA,1578261803,47.17,-55.16,31.84,97,100,41.23
52,Chapais,CA,1578261803,49.78,-74.86,8.6,78,90,3.36
53,Hilo,US,1578261803,19.71,-155.08,80.6,57,40,8.05
54,Sazonovo,RU,1578261803,54.2,39.81,21.99,90,100,5.08
55,Show Low,US,1578261803,34.25,-110.03,60.8,25,1,17.22
56,Longyearbyen,NO,1578261662,78.22,15.63,-0.4,70,20,6.93
57,Padang,ID,1578261804,-0.92,100.36,68.95,85,13,6.17
58,Hermanus,ZA,1578261804,-34.42,19.24,64.0,90,100,11.03
59,Pemba,MZ,1578261780,-12.97,40.52,78.8,94,75,6.93
60,Mahebourg,MU,1578261805,-20.41,57.7,73.4,100,75,9.17
61,Thabazimbi,ZA,1578261805,-24.59,27.41,77.22,46,9,5.08
62,Chuy,UY,1578261805,-33.69,-53.46,75.31,63,0,13.76
63,Hobart,AU,1578261805,-42.88,147.33,62.01,58,20,3.36
64,Yen Bai,VN,1578261805,21.7,104.87,67.96,93,100,4.45
65,Puerto Ayora,EC,1578261805,-0.74,-90.35,84.2,62,40,18.34
66,Pisco,PE,1578261806,-13.71,-76.2,73.0,30,69,24.16
67,Gimli,CA,1578261666,50.63,-96.99,27.0,60,37,8.01
68,Cherskiy,RU,1578261807,68.75,161.3,-7.71,61,5,5.35
69,Jamestown,AU,1578261807,-33.21,138.6,56.25,87,89,5.93
70,Petropavlovsk-Kamchatskiy,RU,1578261807,53.05,158.65,33.8,50,75,8.95
71,Vao,EE,1578261807,59.1,26.19,27.45,61,100,8.25
72,Lagoa,PT,1578261640,37.14,-8.45,55.0,76,0,6.93
73,Jasper,US,1578261807,33.83,-87.28,57.99,30,1,8.05
74,Atuona,PF,1578261807,-9.8,-139.03,80.56,67,0,4.74
75,Broken Hill,AU,1578261531,-31.97,141.45,59.0,77,100,14.99
76,Zyryanka,RU,1578261808,65.73,150.89,-8.52,84,0,3.11
77,Launceston,AU,1578261617,-41.43,147.14,63.0,67,1,4.7
78,Srednekolymsk,RU,1578261808,67.46,153.71,-9.17,78,10,1.77
79,Port Elizabeth,US,1578261808,39.31,-74.98,41.0,47,90,13.87
80,Goderich,CA,1578261808,43.74,-81.71,30.99,84,100,11.36
81,West Wendover,US,1578261808,40.74,-114.07,42.8,56,1,16.11
82,Murgab,TM,1578261808,37.5,61.97,37.4,93,90,11.41
83,Ranot,TH,1578261808,7.78,100.32,79.68,82,99,13.35
84,East London,ZA,1578261809,-33.02,27.91,73.44,75,90,4.63
85,Nikolskoye,RU,1578261809,59.7,30.79,24.01,79,81,3.47
86,Chokurdakh,RU,1578261584,70.62,147.9,-21.48,99,84,3.83
87,Lashio,MM,1578261809,22.93,97.75,58.12,98,90,0.92
88,Nioro,GM,1578261809,13.79,-15.05,72.45,10,0,9.04
89,Baindur,IN,1578261809,13.87,74.63,75.7,64,0,4.0
90,Ewa Beach,US,1578261809,21.32,-158.01,80.6,78,90,6.93
91,Dvorichna,UA,1578261809,49.85,37.68,28.72,94,100,7.61
92,Rocha,UY,1578261810,-34.48,-54.34,78.91,49,68,13.96
93,Iquitos,PE,1578261810,-3.75,-73.25,93.2,44,4,8.05
94,Luxor,EG,1578261810,25.7,32.65,46.4,51,0,4.63
95,Dingle,PH,1578261810,11.0,122.67,72.93,95,63,10.02
96,Tual,ID,1578261521,-5.67,132.75,83.28,77,51,11.81
97,Laguna,BZ,1578261811,16.17,-88.94,73.4,73,75,6.93
98,Alofi,NU,1578261811,-19.06,-169.92,84.2,74,1,13.87
99,Ancud,CL,1578261811,-41.87,-73.83,57.2,62,75,14.99
100,Sitka,US,1578261575,37.17,-99.65,52.0,35,2,8.25
101,Oktyabrskoye,RU,1578261811,56.73,85.44,28.0,92,75,13.42
102,Erdaojiang,CN,1578261811,41.78,126.03,16.16,76,100,3.47
103,Thompson,CA,1578261782,55.74,-97.86,6.8,84,90,9.17
104,Liberty,US,1578261812,39.64,-84.93,46.99,56,1,19.46
105,Sao Jose,AO,1578261812,-12.77,15.77,61.81,95,100,3.96
106,Cumberland,US,1578261812,41.97,-71.43,36.0,63,0,13.87
107,San Patricio,PY,1578261812,-26.98,-56.83,93.25,32,24,2.8
108,Saint George,GR,1578261812,39.45,22.34,42.01,75,90,13.87
109,Sao Felix do Xingu,BR,1578261812,-6.64,-51.99,78.26,94,80,2.66
110,Irbeyskoye,RU,1578261812,55.64,95.45,25.34,82,100,5.01
111,Cabo San Lucas,MX,1578261794,22.89,-109.91,80.01,57,75,6.93
112,Hare Bay,CA,1578261812,48.86,-53.99,24.8,92,90,16.11
113,Ponta do Sol,BR,1578261813,-20.63,-46.0,75.29,84,20,4.41
114,Vestmannaeyjar,IS,1578261813,63.44,-20.27,43.03,70,100,19.98
115,Agadez,NE,1578261813,16.97,7.99,62.6,25,1,9.17
116,Nelson Bay,AU,1578261813,-32.72,152.14,73.99,69,90,9.17
117,Latehar,IN,1578261813,23.74,84.5,47.89,77,0,2.77
118,Sambava,MG,1578261813,-14.27,50.17,71.55,98,100,2.93
119,Buraydah,SA,1578261813,26.33,43.97,50.0,53,0,2.24
120,Ilulissat,GL,1578261813,69.22,-51.1,6.8,71,75,11.41
121,Tsabong,BW,1578261813,-26.02,22.4,86.32,30,0,5.48
122,Yulara,AU,1578261542,-25.24,130.99,64.4,88,90,10.29
123,Kloulklubed,PW,1578261798,7.04,134.26,78.8,94,90,13.87
124,Bilibino,RU,1578261813,68.06,166.44,-10.95,65,0,2.04
125,Ballina,IE,1578261814,54.11,-9.15,52.0,88,100,14.0
126,Clyde River,CA,1578261814,70.47,-68.59,-38.2,58,1,5.82
127,Talnakh,RU,1578261814,69.49,88.39,23.0,92,75,29.08
128,Victoria,BN,1578261814,5.28,115.24,80.6,83,75,4.7
129,Farafangana,MG,1578261814,-22.82,47.83,80.08,77,3,9.44
130,Rio Gallegos,AR,1578261814,-51.62,-69.22,59.0,41,40,20.8
131,Belyy Yar,RU,1578261655,53.6,91.39,23.0,73,98,4.47
132,Sobolevo,RU,1578261785,54.43,31.9,26.76,81,16,6.55
133,Adrar,DZ,1578261814,27.87,-0.29,48.2,24,0,10.29
134,Upernavik,GL,1578261619,72.79,-56.15,-29.87,88,100,11.86
135,Hithadhoo,MV,1578261814,-0.6,73.08,81.48,78,100,11.25
136,Markovo,BG,1578261815,43.2,27.23,35.6,69,99,13.87
137,Hanna,CA,1578261753,51.64,-111.93,30.99,60,0,8.99
138,Plymouth,GB,1578261774,50.37,-4.14,48.99,81,99,9.17
139,Awbari,LY,1578261815,26.59,12.77,46.02,32,0,5.48
140,Tasiilaq,GL,1578261815,65.61,-37.64,24.06,93,100,30.44
141,Thinadhoo,MV,1578261815,0.53,72.93,81.39,77,98,3.31
142,Kavieng,PG,1578261815,-2.57,150.8,84.27,73,56,7.54
143,Bluff,AU,1578261815,-23.58,149.07,74.39,77,0,10.36
144,Jiayuguan,CN,1578261815,39.77,98.29,14.0,74,8,2.51
145,NEDJO,ET,1578261815,9.5,35.5,59.36,61,1,3.87
146,Beringovskiy,RU,1578261815,63.05,179.32,-7.46,79,89,16.67
147,Boffa,GN,1578261815,10.18,-14.04,75.42,80,9,5.73
148,Mar del Plata,AR,1578261677,-46.43,-67.52,69.57,33,100,6.33
149,Lebu,ET,1578261816,8.96,38.73,57.2,71,75,6.93
150,Rawson,AR,1578261816,-43.3,-65.11,64.76,60,42,22.15
151,Gravdal,NO,1578261816,59.79,5.78,46.4,93,75,12.75
152,Bethel,US,1578261816,60.79,-161.76,-16.6,74,1,6.93
153,Luanda,AO,1578261607,-8.83,13.24,80.6,83,40,8.05
154,Nueva Loja,EC,1578261816,0.08,-76.88,89.6,58,75,2.24
155,Mezen,RU,1578261816,65.85,44.24,15.06,88,42,13.0
156,Komsomolskiy,RU,1578261816,67.55,63.78,9.59,94,87,15.82
157,Toamasina,MG,1578261816,-18.17,49.38,77.0,94,40,4.7
158,Gondanglegi,ID,1578261816,-7.75,112.01,74.79,91,91,1.68
159,Viedma,AR,1578261817,-40.81,-62.99,67.3,62,76,21.85
160,Suntar,RU,1578261817,62.16,117.65,15.67,93,100,8.63
161,Makakilo City,US,1578261631,21.35,-158.09,80.6,78,90,6.93
162,Geraldton,CA,1578261817,49.72,-86.95,14.0,85,90,8.05
163,Puerto Escondido,MX,1578261817,15.86,-97.07,86.0,55,5,9.17
164,Souillac,FR,1578261817,45.6,-0.6,39.99,80,0,6.93
165,Grand Gaube,MU,1578261797,-20.01,57.66,73.4,100,75,9.17
166,Galesong,ID,1578261817,-5.32,119.37,75.2,100,40,5.82
167,Gushikawa,JP,1578261817,26.35,127.87,64.4,72,20,3.36
168,Beloha,MG,1578261817,-25.17,45.06,73.9,79,0,14.29
169,Teknaf,BD,1578261817,20.86,92.31,58.46,98,18,3.42
170,Bougouni,ML,1578261817,11.42,-7.49,68.4,14,32,4.63
171,Bandarbeyla,SO,1578261817,9.49,50.81,78.48,81,100,10.02
172,Darnah,LY,1578261817,32.77,22.64,59.16,71,37,25.5
173,Sola,TZ,1578261817,-3.17,33.8,66.42,84,89,4.52
174,Conceicao da Barra,BR,1578261610,-18.59,-39.73,80.1,86,94,20.76
175,Moses Lake,US,1578261818,47.13,-119.28,44.6,56,90,10.29
176,Saint-Donat-de-Montcalm,CA,1578261818,46.32,-74.22,12.52,90,29,7.87
177,Lieksa,FI,1578261818,63.32,30.02,24.24,72,100,9.84
178,Yar-Sale,RU,1578261818,66.83,70.83,15.31,84,0,17.47
179,Vanimo,PG,1578261818,-2.67,141.3,81.59,84,100,23.76
180,Bathsheba,BB,1578261818,13.22,-59.52,77.0,78,75,11.41
181,Saint-Philippe,CA,1578261818,45.36,-73.48,23.0,73,90,8.05
182,Kuzovatovo,RU,1578261818,53.54,47.69,23.36,95,90,1.01
183,Kalmunai,LK,1578261818,7.42,81.82,81.12,77,12,13.13
184,Grootfontein,NA,1578261818,-19.56,18.1,65.53,91,100,8.23
185,Malanville,NE,1578261818,11.86,3.39,72.68,24,61,9.19
186,Pecos,US,1578261579,31.42,-103.49,66.99,19,1,5.82
187,Wawa,NG,1578261818,9.9,4.41,80.4,33,72,5.32
188,Key Largo,US,1578261814,25.09,-80.45,71.01,49,1,8.05
189,Marki,PL,1578261819,52.33,21.11,30.99,92,33,3.36
190,Jiangyou,CN,1578261819,31.78,104.73,33.4,90,58,2.17
191,Lianzhou,CN,1578261819,24.79,112.38,60.39,86,74,1.79
192,Beaune,FR,1578261819,47.02,4.84,33.8,92,0,6.93
193,Karratha,AU,1578261820,-20.74,116.85,84.25,69,100,10.11
194,Dikson,RU,1578261820,73.51,80.55,17.56,91,95,20.65
195,Batemans Bay,AU,1578261623,-35.71,150.18,59.0,84,100,10.0
196,Lebowakgomo,ZA,1578261820,-24.3,29.54,73.4,68,10,3.36
197,General Roca,AR,1578261820,-39.03,-67.58,77.0,16,48,27.51
198,Kirchzarten,DE,1578261820,47.97,7.96,34.0,92,0,2.24
199,Okhotsk,RU,1578261820,59.36,143.24,3.43,76,0,12.03
200,Ati,TD,1578261820,13.21,18.34,70.93,22,39,12.17
201,Zhiryatino,RU,1578261820,53.22,33.73,28.38,84,5,7.52
202,Shelburne,CA,1578261820,44.08,-80.2,34.0,80,90,4.9
203,Severo-Kurilsk,RU,1578261821,50.68,156.12,19.35,93,100,14.85
204,Broome,GB,1578261821,52.47,1.45,46.4,81,75,9.17
205,Los Llanos de Aridane,ES,1578261821,28.66,-17.92,62.6,63,44,9.17
206,Ivoti,BR,1578261794,-29.59,-51.16,88.0,54,56,19.46
207,Ous,RU,1578261822,60.91,61.52,19.22,87,100,6.69
208,Sharjah,AE,1578261668,25.36,55.39,73.4,64,40,13.87
209,Qaanaaq,GL,1578261822,77.48,-69.36,-25.65,47,0,4.12
210,Sarab,IR,1578261822,38.61,44.99,29.86,63,0,2.66
211,Guerrero Negro,MX,1578261822,27.97,-114.04,72.99,23,0,7.16
212,Inhambane,MZ,1578261565,-23.87,35.38,79.34,80,0,14.29
213,Flinders,AU,1578261822,-34.58,150.85,71.01,93,100,5.82
214,Samarai,PG,1578261554,-10.62,150.67,79.39,85,100,2.68
215,Tari,NG,1578261822,12.41,4.49,71.19,22,24,10.76
216,Hastings,NZ,1578261780,-39.64,176.84,66.81,41,25,19.62
217,Kaeo,NZ,1578261822,-35.1,173.78,66.99,100,100,1.99
218,Tuktoyaktuk,CA,1578261649,69.44,-133.03,-22.0,74,90,9.17
219,Provideniya,RU,1578261694,64.42,-173.23,-10.43,82,100,9.08
220,Lipin Bor,RU,1578261823,60.26,37.97,16.03,93,0,3.98
221,Hasaki,JP,1578261823,35.73,140.83,33.8,69,20,5.82
222,Hit,IQ,1578261823,33.64,42.83,53.83,62,8,5.93
223,Arauca,VE,1578261766,7.08,-70.76,91.4,41,29,4.97
224,Ust-Tsilma,RU,1578261823,65.44,52.15,11.37,92,82,8.01
225,Denton,US,1578261823,33.22,-97.13,71.01,33,1,5.82
226,Luderitz,NA,1578261625,-26.65,15.16,63.55,85,0,24.99
227,Caravelas,BR,1578261823,-17.73,-39.27,79.48,84,94,8.79
228,Yeppoon,AU,1578261823,-23.13,150.74,80.6,65,2,6.93
229,Touros,BR,1578261676,-5.2,-35.46,82.4,69,40,14.99
230,Hulyaypole,UA,1578261823,47.67,36.26,34.11,97,100,4.07
231,Norman Wells,CA,1578261824,65.28,-126.83,-25.6,74,40,2.24
232,La Rioja,AR,1578261824,-29.41,-66.86,88.03,28,0,6.87
233,Celestun,MX,1578261824,20.87,-90.4,72.45,66,7,15.3
234,Hobyo,SO,1578261683,5.35,48.53,78.58,79,34,12.19
235,Almaznyy,RU,1578261713,48.03,40.04,35.6,93,75,4.47
236,Worland,US,1578261824,44.02,-107.96,37.4,72,1,3.38
237,Durban,CA,1578261692,51.93,-101.44,17.98,80,0,12.17
238,Sinop,TR,1578261824,42.03,35.15,45.32,63,100,4.32
239,Tubuala,PA,1578261824,9.52,-79.03,89.01,52,20,13.87
240,Salinopolis,BR,1578261824,-0.61,-47.36,81.3,78,100,13.69
241,Sandakan,MY,1578261824,5.84,118.12,80.6,78,40,6.93
242,Poum,MK,1578261824,41.28,20.71,23.95,69,2,7.63
243,Teya,MX,1578261824,21.05,-89.07,78.8,50,75,4.7
244,Taitung,TW,1578261825,22.76,121.15,46.36,77,93,2.82
245,Yumen,CN,1578261825,40.29,97.04,14.43,66,90,4.72
246,Bahia Blanca,AR,1578261647,-38.72,-62.27,66.2,93,90,5.82
247,Naraini,IN,1578261825,25.19,80.47,55.11,62,0,0.2
248,Muratbey,TR,1578261825,39.99,29.57,35.6,76,100,0.96
249,Roros,NO,1578261825,62.57,11.38,12.2,100,89,1.12
250,Alta Floresta,BR,1578261825,-9.87,-56.08,82.4,74,20,5.82
251,Leningradskiy,RU,1578261825,69.38,178.42,-11.0,51,0,1.83
252,Bogotol,RU,1578261825,56.21,89.53,21.9,91,100,6.17
253,Murmashi,RU,1578261825,68.82,32.82,14.0,72,61,4.47
254,Igrim,RU,1578261826,63.19,64.42,18.66,92,80,7.38
255,Panaba,MX,1578261826,21.28,-88.27,73.53,63,91,8.88
256,Esperance,AU,1578261826,-33.86,121.89,64.4,55,33,18.34
257,Krasnystaw,PL,1578261826,50.98,23.16,26.6,100,0,5.82
258,Macaubas,BR,1578261627,-13.02,-42.7,72.48,83,92,4.72
259,Yueyang,CN,1578261826,29.36,113.12,48.54,93,100,8.55
260,Yantal,RU,1578261826,56.85,105.25,4.21,94,0,6.04
261,Coquimbo,CL,1578261727,-29.95,-71.34,66.2,68,90,10.29
262,Listvyanskiy,RU,1578261826,54.44,83.49,14.49,94,99,10.04
263,Matehuala,MX,1578261826,23.65,-100.64,64.96,16,0,1.41
264,Paipa,CO,1578261826,5.78,-73.12,54.9,80,100,5.3
265,Caiaponia,BR,1578261826,-16.96,-51.81,77.29,77,1,4.43
266,Jalu,LY,1578261826,29.03,21.55,50.79,48,0,12.62
267,Tondano,ID,1578261826,1.3,124.91,75.2,94,20,1.83
268,Borogontsy,RU,1578261827,62.67,131.17,-5.8,98,100,4.56
269,Murakami,JP,1578261827,38.29,139.58,42.8,56,75,11.41
270,Port Macquarie,AU,1578261827,-31.43,152.91,75.99,73,90,8.05
271,Mwene-Ditu,CD,1578261827,-7.01,23.45,68.14,95,100,2.64
272,Sorong,ID,1578261827,-0.86,131.25,73.8,98,100,1.99
273,Cockburn Town,TC,1578261698,21.46,-71.14,80.6,69,40,4.7
274,Ostersund,SE,1578261722,63.18,14.64,37.0,90,42,8.05
275,Acajutla,SV,1578261827,13.59,-89.83,84.2,32,0,10.29
276,Butaritari,KI,1578261635,3.07,172.79,85.28,76,100,15.26
277,Hofn,IS,1578261743,64.25,-15.21,43.52,74,100,12.55
278,Mattru,SL,1578261827,7.62,-11.83,72.95,75,42,3.6
279,Nizhniy Kuranakh,RU,1578261781,58.84,125.49,12.34,91,100,6.02
280,Aklavik,CA,1578261827,68.22,-135.01,-16.6,68,90,6.93
281,Cape Coast,GH,1578261828,5.11,-1.24,82.0,54,0,9.86
282,Shieli,KZ,1578261828,44.18,66.74,28.89,95,100,9.13
283,Kagoro,NG,1578261828,9.6,8.38,59.0,41,52,11.41
284,Coihaique,CL,1578261536,-45.58,-72.07,57.2,62,75,8.05
285,Magdagachi,RU,1578261828,53.45,125.8,-17.52,98,40,2.48
286,Rio Grande,BR,1578261749,-32.03,-52.1,84.2,45,0,13.87
287,Arkhara,RU,1578261828,49.42,130.09,-10.46,97,13,1.7
288,Tchibanga,GA,1578261828,-2.92,11.0,74.86,93,98,0.96
289,Kimbe,PG,1578261828,-5.56,150.15,77.5,88,100,2.04
290,Kizukuri,JP,1578261829,40.81,140.39,35.01,49,100,10.0
291,Izumo,JP,1578261829,35.37,132.75,39.2,74,40,6.93
292,Markova,RU,1578261829,52.21,104.21,-0.4,84,90,4.47
293,Lorengau,PG,1578261829,-2.02,147.27,84.42,72,94,9.64
294,Nouadhibou,MR,1578261829,20.93,-17.03,62.6,51,33,9.17
295,Morant Bay,JM,1578261829,17.88,-76.41,84.2,70,20,8.05
296,Mildura,AU,1578261615,-34.18,142.16,55.4,93,100,10.29
297,Huarmey,PE,1578261829,-10.07,-78.15,78.49,57,82,7.34
298,Atambua,ID,1578261829,-9.11,124.89,75.81,84,100,2.35
299,Kaka,TM,1578261829,37.35,59.62,36.18,76,85,2.64
300,Alyangula,AU,1578261829,-13.85,136.42,78.8,94,100,2.24
301,Yertsevo,RU,1578261829,60.8,40.09,14.4,96,28,4.29
302,Brae,GB,1578261830,60.4,-1.35,50.0,93,100,23.04
303,Acari,BR,1578261830,-6.44,-36.64,89.92,34,100,9.8
304,San Andres,PH,1578261791,13.32,122.68,73.94,89,89,12.73
305,Nancha,CN,1578261830,47.14,129.26,2.44,96,66,3.06
306,Ulety,RU,1578261830,51.36,112.48,4.93,90,98,4.45
307,Bilma,NE,1578261830,18.69,12.92,54.57,29,93,5.93
308,Saint-Joseph,FR,1578261830,43.56,6.97,48.2,93,0,4.7
309,Milkovo,BG,1578261830,41.53,24.68,43.0,48,75,18.34
310,Muros,ES,1578261830,42.77,-9.06,46.99,100,1,4.7
311,Guangshui,CN,1578261830,31.62,113.82,43.56,93,100,6.49
312,Kruisfontein,ZA,1578261830,-34.0,24.73,65.17,83,100,5.23
313,San Luis,AR,1578261784,-33.3,-66.34,89.6,38,40,23.04
314,Eureka,US,1578261830,40.8,-124.16,55.99,71,40,6.93
315,Kaputa,ZM,1578261831,-8.47,29.66,65.05,88,100,2.73
316,Fortuna,US,1578261831,40.6,-124.16,55.99,71,40,6.93
317,Tateyama,JP,1578261831,36.66,137.31,33.8,80,20,4.7
318,Teguldet,RU,1578261831,57.31,88.17,22.41,94,100,7.94
319,Kununurra,AU,1578261831,-15.77,128.74,77.0,94,40,1.12
320,Puerto Carreno,CO,1578261831,6.19,-67.49,91.4,46,0,10.29
321,Tuatapere,NZ,1578261831,-46.13,167.69,53.01,71,100,25.99
322,Saint-Augustin,CA,1578261716,45.63,-73.98,21.2,61,75,5.82
323,Richards Bay,ZA,1578261831,-28.77,32.06,79.36,87,0,21.59
324,Marquette,US,1578261646,46.54,-87.4,28.0,92,90,5.82
325,Kamenka,MD,1578261831,48.03,28.7,33.01,84,99,1.99
326,Narsaq,GL,1578261831,60.91,-46.05,17.6,57,20,12.75
327,Taltal,CL,1578261831,-25.41,-70.49,65.77,68,9,5.73
328,Santa Maria,BR,1578261746,-16.02,-48.01,69.8,88,75,2.24
329,Faanui,PF,1578261831,-16.48,-151.75,81.57,75,37,9.42
330,Piacabucu,BR,1578261831,-10.41,-36.43,79.27,77,100,9.64
331,Sumbe,AO,1578261832,-11.2,13.84,77.56,85,100,4.14
332,Vila Franca do Campo,PT,1578261832,37.72,-25.43,64.4,93,40,17.22
333,Hambantota,LK,1578261832,6.12,81.12,75.2,100,13,5.82
334,Bonavista,CA,1578261832,48.65,-53.11,29.82,95,100,24.11
335,Lavrentiya,RU,1578261832,65.58,-170.99,-12.98,87,19,8.32
336,Tokmak,UA,1578261832,47.26,35.7,33.76,97,100,4.7
337,Santana do Livramento,BR,1578261832,-30.89,-55.53,87.4,38,0,9.73
338,Flekkefjord,NO,1578261832,58.3,6.66,46.99,93,100,5.01
339,Emilio Carranza,MX,1578261832,19.97,-96.61,68.22,71,51,7.31
340,Cidreira,BR,1578261832,-30.17,-50.22,74.61,82,0,19.3
341,Baykit,RU,1578261714,61.68,96.39,9.34,96,100,4.05
342,Doha,QA,1578261555,25.29,51.53,64.4,72,100,10.29
343,Nikki,BJ,1578261832,9.94,3.21,74.3,32,15,4.81
344,De Aar,ZA,1578261832,-30.65,24.01,71.08,27,0,2.82
345,Pirot,RS,1578261832,43.16,22.59,32.0,90,69,19.46
346,Marsa Matruh,EG,1578261535,31.35,27.25,53.6,66,20,14.99
347,Boyuibe,BO,1578261833,-20.43,-63.28,91.4,38,0,11.23
348,La Tuque,CA,1578261833,47.44,-72.79,13.55,87,74,7.18
349,Grindavik,IS,1578261833,63.84,-22.43,37.4,86,90,9.17
350,Neuquen,AR,1578261833,-38.95,-68.06,77.0,16,7,27.51
351,Sisimiut,GL,1578261833,66.94,-53.67,-1.3,96,100,6.71
352,San Pedro,AR,1578261833,-33.68,-59.66,86.0,48,67,1.99
353,Codrington,AU,1578261833,-28.95,153.24,78.01,73,75,4.7
354,Barbacoas,CO,1578261833,1.67,-78.14,70.34,98,80,2.73
355,Menongue,AO,1578261833,-14.66,17.68,63.59,92,92,3.4
356,Wukari,NG,1578261833,7.87,9.78,75.96,21,63,4.07
357,Lompoc,US,1578261643,34.64,-120.46,70.0,39,1,16.11
358,Staraya Toropa,RU,1578261834,56.28,31.67,27.39,91,98,4.41
359,Lokosovo,RU,1578261834,61.13,74.84,22.14,92,100,9.66
360,Xintai,CN,1578261834,35.91,117.76,38.25,98,100,2.84
361,Vostok,RU,1578261834,46.45,135.83,-5.44,98,90,3.24
362,Namibe,AO,1578261834,-15.19,12.15,73.89,90,79,11.88
363,Canyon,US,1578261812,34.98,-101.92,55.99,30,1,3.36
364,Victoria,BN,1578261834,5.28,115.24,80.6,83,75,4.7
365,Redlands,US,1578261834,34.06,-117.19,72.0,13,1,6.93
366,Ponta Delgada,PT,1578261834,37.73,-25.67,64.4,93,40,17.22
367,Povenets,RU,1578261834,62.85,34.83,12.65,93,1,5.01
368,Berlevag,NO,1578261834,70.86,29.09,24.8,85,75,10.29
369,Husavik,CA,1578261834,50.56,-96.99,27.0,60,37,8.01
370,Polunochnoye,RU,1578261835,60.87,60.43,16.2,87,81,4.0
371,Buala,SB,1578261835,-8.15,159.59,82.31,81,69,8.99
372,Vila Velha,BR,1578261835,-3.71,-38.6,86.0,74,40,9.17
373,Vila do Maio,CV,1578261835,15.13,-23.22,73.4,53,25,20.8
374,Khatanga,RU,1578261835,71.98,102.47,-8.95,88,100,6.8
375,Naze,NG,1578261835,5.43,7.07,75.2,73,82,4.21
376,Salalah,OM,1578261836,17.01,54.1,75.2,78,75,3.36
377,Miri,NG,1578261836,10.31,9.75,68.27,33,68,6.49
378,Meridian,US,1578261621,43.61,-116.39,39.99,100,75,5.82
379,Suslovo,RU,1578261836,56.22,88.12,22.19,89,98,9.19
380,Vitim,RU,1578261836,59.44,112.57,12.65,92,100,11.68
381,Zaoyang,CN,1578261836,32.12,112.76,41.97,91,100,5.03
382,Cururupu,BR,1578261836,-1.82,-44.87,78.22,85,100,3.89
383,Necochea,AR,1578261804,-38.55,-58.74,64.0,90,92,8.01
384,Gorontalo,ID,1578261837,0.54,123.06,73.54,96,100,4.68
385,Sainte-Rose,CA,1578261837,45.61,-73.79,21.2,62,75,11.41
386,Beyneu,KZ,1578261837,45.32,55.19,27.82,75,76,4.76
387,Mokhsogollokh,RU,1578261837,61.4,128.95,-2.6,98,100,1.79
388,Fare,PF,1578261837,-16.7,-151.02,81.37,77,67,10.74
389,Aksarka,RU,1578261683,66.56,67.8,15.76,85,0,17.25
390,Brewster,US,1578261577,41.76,-70.08,37.4,55,1,6.93
391,The Valley,AI,1578261838,18.22,-63.06,82.4,69,40,9.17
392,Haines Junction,CA,1578261838,60.75,-137.51,-11.18,90,1,3.36
393,Nemuro,JP,1578261838,43.32,145.57,26.94,66,49,25.9
394,Quatre Cocos,MU,1578261554,-20.21,57.76,73.4,100,75,9.17
395,Pedasi,PA,1578261838,7.53,-80.03,82.58,72,26,16.26
396,Cervo,BR,1578261838,-22.19,-46.24,72.07,90,44,2.51
397,Mangrol,IN,1578261839,25.33,76.51,54.93,54,0,5.37
398,Washougal,US,1578261839,45.58,-122.35,50.0,75,90,13.87
399,Gornyy,RU,1578261839,51.76,48.54,30.25,96,97,8.57
400,Cananeia,BR,1578261839,-25.01,-47.93,76.59,78,84,3.33
401,Marawi,PH,1578261839,8.0,124.29,71.01,89,33,10.0
402,Orchard Homes,US,1578261611,46.86,-114.05,39.2,41,20,12.75
403,Hamilton,CA,1578261673,43.26,-79.87,36.0,80,75,5.82
404,Saint John,CA,1578261572,45.28,-66.06,28.0,92,90,19.46
405,Robertsport,LR,1578261547,6.75,-11.37,80.67,67,15,11.52
406,Moranbah,AU,1578261839,-22.0,148.04,73.99,81,13,11.25
407,Nova Venecia,BR,1578261711,-18.71,-40.4,76.69,89,100,3.04
408,Solnechnyy,RU,1578261839,50.72,136.64,-2.0,86,0,2.57
409,Lazi,HR,1578261839,45.57,14.64,44.01,25,0,3.36
410,Riyadh,SA,1578261557,24.63,46.72,50.0,87,0,5.82
411,College,US,1578261839,64.86,-147.8,-14.01,66,75,3.36
412,Koster,ZA,1578261839,-25.86,26.9,70.02,56,47,2.44
413,Nuuk,GL,1578261788,64.17,-51.74,14.0,85,90,17.22
414,Sydney,AU,1578261572,-33.85,151.22,71.6,64,75,12.75
415,Zhigansk,RU,1578261840,66.77,123.37,-10.32,94,100,15.64
416,San Diego,US,1578261252,32.72,-117.16,71.01,72,40,9.17
417,Ribeira Grande,PT,1578261840,38.52,-28.7,64.4,93,40,13.87
418,Guiratinga,BR,1578261840,-16.35,-53.76,81.66,66,64,1.19
419,Poronaysk,RU,1578261840,49.22,143.1,11.8,75,0,13.51
420,San Vicente,EC,1578261840,-0.59,-80.41,78.8,78,75,5.82
421,Iqaluit,CA,1578261633,63.75,-68.52,-20.2,61,90,2.24
422,Abdanan,IR,1578261840,32.99,47.42,39.54,69,0,1.54
423,Hrubieszow,PL,1578261840,50.8,23.89,28.74,86,30,5.21
424,Umba,RU,1578261840,66.69,34.34,24.1,72,33,20.8
425,Dancheng,CN,1578261840,33.63,115.18,41.22,91,100,10.51
426,Novaya Ladoga,RU,1578261840,60.11,32.31,26.42,82,96,4.29
427,Haukipudas,FI,1578261841,65.17,25.5,26.6,92,90,10.29
428,Dolores,UY,1578261841,-33.53,-58.22,88.0,49,75,1.99
429,Lazaro Cardenas,MX,1578261841,28.39,-105.62,71.01,20,20,8.05
430,Bireun,ID,1578261812,5.2,96.7,65.97,95,52,0.36
431,Mehamn,NO,1578261841,71.03,27.85,28.4,79,20,9.17
432,Svetlogorsk,RU,1578261841,53.14,59.15,28.4,92,90,11.18
433,Jasidih,IN,1578261841,24.51,86.65,55.74,65,0,6.87
434,Kodiak,US,1578261841,39.95,-94.76,51.8,36,1,13.87
435,Sinegorskiy,RU,1578261841,48.01,40.84,33.64,86,100,5.32
436,Dryden,CA,1578261841,49.79,-92.84,21.2,79,90,19.46
437,Maryborough,AU,1578261841,-25.54,152.7,75.29,83,100,3.56
438,Kavaratti,IN,1578261832,10.57,72.64,79.97,63,0,3.85
439,Billings,US,1578261631,45.79,-108.5,41.0,27,75,13.87
440,Iquique,CL,1578261842,-20.22,-70.14,77.0,50,40,10.29
441,Mount Gambier,AU,1578261842,-37.83,140.78,55.4,76,9,8.05
442,Cayenne,GF,1578261604,4.94,-52.33,78.8,88,90,2.24
443,Nome,US,1578261842,30.04,-94.42,73.99,43,1,8.05
444,Faya,SA,1578261842,18.39,42.45,59.0,87,20,6.93
445,Sorland,NO,1578261842,67.67,12.69,37.4,86,75,6.93
446,Igarka,RU,1578261842,67.47,86.57,16.7,93,94,12.55
447,Kaitangata,NZ,1578261842,-46.28,169.85,53.01,62,80,18.01
448,Isabela,PH,1578261842,10.2,122.99,69.71,96,44,8.08
449,Podor,MR,1578261842,16.65,-14.96,73.4,28,0,4.7
450,Hinton,CA,1578261842,53.4,-117.57,27.43,66,100,15.14
451,Pontianak,ID,1578261842,-0.02,109.34,73.0,98,57,0.85
452,Turukhansk,RU,1578261792,65.8,87.96,20.98,94,100,15.28
453,Avera,US,1578261843,33.19,-82.53,57.2,40,1,8.05
454,Abu Zabad,SD,1578261843,12.35,29.25,60.49,16,0,13.2
455,Evanston,US,1578261843,42.04,-87.69,43.0,60,75,17.22
456,Namatanai,PG,1578261843,-3.66,152.44,82.56,76,88,5.79
457,Saryg-Sep,RU,1578261843,51.49,95.55,-12.66,94,0,0.85
458,Druzhba,UA,1578261843,52.05,33.94,29.21,91,92,8.25
459,Mmabatho,ZA,1578261843,-25.85,25.61,69.8,73,39,3.36
460,Mayor Pablo Lagerenza,PY,1578261544,-19.93,-60.77,100.11,27,74,11.05
461,Dubti,ET,1578261843,11.74,41.09,78.98,63,3,19.93
462,Dinguiraye,GN,1578261843,11.29,-10.71,68.5,13,49,2.82
463,Kalino,BG,1578261843,43.47,26.98,32.0,75,15,7.0
464,Pangnirtung,CA,1578261843,66.15,-65.72,-29.2,43,75,4.7
465,Do Gonbadan,IR,1578261844,30.36,50.8,44.6,70,0,1.86
466,Qarqin,AF,1578261730,37.41,66.03,45.59,76,100,3.42
467,Nangong,CN,1578261844,37.36,115.37,34.27,96,100,6.76
468,Barguzin,RU,1578261844,53.62,109.63,4.51,91,90,2.8
469,Baoshan,CN,1578261844,31.41,121.49,57.99,87,84,8.95
470,Tezu,IN,1578261844,27.93,96.16,48.65,94,73,2.57
471,Palmas Bellas,PA,1578261844,9.23,-80.09,89.6,58,20,12.75
472,Lynn Haven,US,1578261647,30.25,-85.65,62.6,31,1,8.05
473,Sezana,SI,1578261844,45.71,13.87,44.01,80,75,4.7
474,Kenai,US,1578261724,60.55,-151.26,0.0,83,75,8.05
475,Terme,TR,1578261844,41.21,36.97,39.2,69,100,5.82
476,Kutum,SD,1578261844,14.2,24.66,55.96,26,0,6.17
477,Saryozek,KZ,1578261844,44.36,77.98,17.37,60,0,3.33
478,Verkhniy baskunchak,KZ,1578261844,48.23,46.72,33.17,64,100,7.05
479,Ahuimanu,US,1578261845,21.44,-157.84,80.6,65,40,11.41
480,Terney,RU,1578261845,45.05,136.61,6.85,80,0,9.98
481,Sabang,PH,1578261844,13.8,121.11,79.0,76,8,7.0
482,Alice,ZA,1578261845,-32.79,26.83,61.93,93,74,2.66
483,Dunedin,NZ,1578261613,-45.87,170.5,54.0,53,39,35.99
484,Palmer,AU,1578261822,-34.85,139.16,68.0,51,1,5.82
485,Gawler,AU,1578261845,-34.6,138.75,68.0,51,63,5.82
486,Half Moon Bay,US,1578261845,37.46,-122.43,61.0,71,1,19.46
487,San Cristobal,HN,1578261845,14.68,-86.92,69.13,77,96,10.8
488,Deputatskiy,RU,1578261845,69.3,139.9,-17.63,82,34,0.54
489,Chernyshevskiy,RU,1578261834,63.01,112.47,9.79,93,100,9.42
490,Itarema,BR,1578261845,-2.92,-39.92,79.92,76,67,8.81
491,Saint-Francois,FR,1578261668,46.42,3.91,35.01,92,0,3.36
492,Magoula,GR,1578261845,38.08,23.52,45.0,86,90,8.05
493,Cayambe,EC,1578261845,0.04,-78.14,68.0,60,20,17.22
494,Port Lincoln,AU,1578261846,-34.72,135.86,61.3,76,78,10.56
495,Praia,BR,1578261729,-20.25,-43.81,78.8,69,20,6.93
496,Khandyga,RU,1578261846,62.65,135.58,-6.75,98,100,3.65
497,Garoua Boulai,CM,1578261846,5.88,14.55,68.32,33,0,6.44
498,Martil,MA,1578261581,35.62,-5.28,57.2,71,2,10.29
499,Tura,RU,1578261846,64.27,100.22,12.61,87,100,8.97
500,Surt,LY,1578261846,31.21,16.59,53.28,70,23,19.6
501,Peniche,PT,1578261846,39.36,-9.38,53.01,81,0,2.24
502,Kaele,CM,1578261846,10.11,14.45,72.18,23,0,8.81
503,Constitucion,MX,1578261804,23.99,-104.67,66.99,12,5,2.24
504,Ambulu,ID,1578261846,-8.35,113.61,80.87,82,100,10.11
505,Tokyo,JP,1578261728,35.68,139.76,44.6,45,20,24.16
506,Jardim,BR,1578261846,-21.48,-56.15,93.18,28,21,5.91
507,Peterhead,AU,1578261846,-34.83,138.5,68.0,51,3,5.82
508,Charters Towers,AU,1578261846,-20.07,146.27,74.03,84,2,8.39
509,Tessalit,ML,1578261724,20.2,1.01,57.83,19,0,9.95
510,Biak,ID,1578261847,-0.91,122.88,81.0,79,100,8.39
511,Viransehir,TR,1578261847,37.24,39.76,42.49,92,100,9.69
512,Hirara,JP,1578261847,24.8,125.28,64.4,82,20,5.82
513,Fujin,CN,1578261847,47.24,132.03,0.05,91,9,4.34
514,Henties Bay,NA,1578261847,-22.12,14.28,63.0,89,83,1.01
515,Alice Springs,AU,1578261665,-23.7,133.88,66.2,82,90,10.29
516,Shimoda,JP,1578261660,34.7,138.93,32.0,82,100,15.12
517,Taksimo,RU,1578261847,56.36,114.84,-8.28,93,18,1.86
518,Millinocket,US,1578261847,45.66,-68.71,26.01,58,90,10.29
519,Chapleau,CA,1578261847,47.85,-83.4,19.4,85,90,5.82
520,Arona,IT,1578261847,45.76,8.56,44.01,68,0,2.24
521,Shache,CN,1578261847,38.42,77.24,18.88,74,100,2.57
522,Woodward,US,1578261848,36.43,-99.39,55.4,32,1,9.17
523,Acapulco,MX,1578261821,16.86,-99.88,84.2,74,40,8.05
524,Kozyatyn,UA,1578261848,49.71,28.83,30.97,92,100,14.05
525,Fairbanks,US,1578261694,64.84,-147.72,-17.0,66,75,3.36
526,Garowe,SO,1578261848,8.41,48.48,75.29,68,100,13.78
527,Adancata,RO,1578261848,47.73,26.3,32.0,100,90,24.16
528,Trat,TH,1578261848,12.25,102.51,78.84,69,2,3.47
529,Amlagora,IN,1578261848,22.83,87.35,59.49,59,0,6.31
530,Gurupi,BR,1578261848,-11.73,-49.07,79.32,89,72,3.38
531,Belmonte,PT,1578261713,40.36,-7.35,41.0,23,0,7.0
532,North Platte,US,1578261848,41.12,-100.77,42.8,35,1,8.05
533,Tel Aviv-Yafo,IL,1578261848,32.08,34.78,53.6,62,1,9.17
534,Payakumbuh,ID,1578261848,-0.23,100.63,64.76,96,25,1.32
535,Lesnoy,RU,1578261848,59.78,52.13,17.55,96,86,6.17
536,Kampene,CD,1578261848,-3.59,26.67,68.65,98,100,0.85
537,Manikpur,IN,1578261848,25.07,81.1,54.84,62,0,2.64
538,Ushibuka,JP,1578261848,32.19,130.02,53.98,60,0,6.67
539,Etzatlan,MX,1578261849,20.77,-104.08,79.0,22,11,3.0
540,Mogadishu,SO,1578261849,2.04,45.34,81.28,84,0,19.22
541,Tigil,RU,1578261849,57.8,158.67,5.47,73,0,4.21
542,Atar,MR,1578261849,20.52,-13.05,56.75,22,0,8.41
543,Yabassi,CM,1578261849,4.46,9.97,80.6,88,20,3.11
544,Majene,ID,1578261849,-3.54,118.97,77.13,81,100,8.99
545,Kerouane,GN,1578261849,12.23,-12.34,75.2,29,0,4.7
546,Bonthe,SL,1578261812,7.53,-12.5,77.38,69,19,7.16
547,Contai,IN,1578261849,21.78,87.75,61.3,54,0,7.9
548,Murashi,RU,1578261849,59.4,48.97,23.86,95,92,7.72
549,Chernogorsk,RU,1578261849,53.83,91.31,23.0,73,97,4.47
550,Khovu-Aksy,RU,1578261849,51.13,93.72,-1.77,85,2,7.34
551,Aba,NG,1578261849,5.11,7.36,75.2,73,78,4.74
552,Renukut,IN,1578261849,24.22,83.04,52.56,66,0,3.06
553,Nabire,ID,1578261850,-3.36,135.5,71.8,96,81,1.79
554,Sinnamary,GF,1578261850,5.38,-52.96,79.74,77,29,12.21
555,Kinablangan,PH,1578261850,7.69,126.55,70.41,93,57,5.46
556,Ahipara,NZ,1578261850,-35.17,173.16,66.0,100,100,1.99
557,Jijiga,ET,1578261850,9.35,42.8,62.69,68,0,6.04
558,Payo,ID,1578261850,-3.75,103.64,68.86,98,100,1.43
559,Margate,AU,1578261850,-43.03,147.26,62.01,58,20,3.36
560,Lekoni,GA,1578261850,-1.58,14.26,79.03,60,84,1.25
561,Wewak,PG,1578261850,-3.55,143.63,77.22,86,100,3.04
562,Pacifica,US,1578261601,37.61,-122.49,60.8,71,1,19.46
563,Vanavara,RU,1578261850,60.35,102.28,11.68,94,100,8.68
